supplier_id,total_orders,total_qty,actual_avg_lead_time,lead_time_std,avg_fill_rate,on_time_rate,avg_days_late,supplier_name,avg_lead_time,lead_time_variance,fill_rate,on_time_delivery_rate,min_order_value,reliability_score
SUP001,40777,1037826,5.002869264536381,0.8160558995053883,0.9756624077298478,0.665595801554798,0.002869264536380803,FastShip Logistics,5,1,0.98,0.95,3460,81.0
SUP002,50896,1211711,6.991315624017605,1.411600302565177,0.9499847276799749,0.6040553285130462,-0.008684375982395473,Global Office Supply,7,2,0.95,0.92,2850,76.6
SUP003,34211,887078,10.010552161585455,1.9959121529061148,0.9200243284323756,0.5680336733799071,0.01055216158545497,TechDirect Inc,10,3,0.92,0.88,1690,74.3
SUP004,35839,736443,14.005106169256955,2.5744566500742296,0.8998413097463657,0.5542565361756745,0.005106169256954714,Furniture Express,14,4,0.9,0.85,2490,73.7
SUP005,36952,858657,7.99883632820957,1.4092000448372601,0.9398699799740203,0.6015641913834163,-0.001163671790430829,Budget Wholesale,8,2,0.94,0.9,3450,77.0
